user_snippet,prediction,Usage
8054_0,Walking,Public
8054_1,Downstairs,Private
8054_2,Standing,Private
8054_3,Sitting,Public
8054_4,Upstairs,Private
8054_5,Jogging,Public
8054_6,Downstairs,Private
8054_7,Walking,Private
8054_8,Jogging,Private
8054_9,Standing,Public
8054_10,Standing,Public
8054_11,Standing,Public
8054_12,Standing,Private
8054_13,Walking,Private
8054_14,Sitting,Public
8054_15,Sitting,Public
8054_16,Sitting,Private
8054_17,Upstairs,Public
8054_18,Upstairs,Public
8054_19,Standing,Public
8054_20,Downstairs,Private
8054_21,Upstairs,Private
8054_22,Jogging,Private
8054_23,Downstairs,Private
8054_24,Standing,Private
8054_25,Downstairs,Public
8054_26,Sitting,Public
8054_27,Walking,Private
8054_28,Downstairs,Public
8054_29,Walking,Public
8054_30,Standing,Public
8054_31,Sitting,Private
8054_32,Walking,Private
8054_33,Sitting,Public
8054_34,Jogging,Private
8054_35,Sitting,Private
8054_36,Downstairs,Public
8054_37,Jogging,Private
8054_38,Downstairs,Public
8054_39,Walking,Public
8054_40,Sitting,Private
8054_41,Jogging,Public
8054_42,Sitting,Private
8054_43,Sitting,Private
8054_44,Downstairs,Private
8054_45,Walking,Public
8054_46,Standing,Public
8054_47,Jogging,Public
8054_48,Sitting,Private
8054_49,Upstairs,Public
8054_50,Walking,Public
8054_51,Jogging,Private
8054_52,Standing,Public
8054_53,Jogging,Private
8054_54,Jogging,Private
8054_55,Walking,Public
8054_56,Walking,Private
8054_57,Jogging,Public
8054_58,Downstairs,Private
8054_59,Sitting,Private
8054_60,Walking,Private
8054_61,Standing,Private
8054_62,Standing,Private
8054_63,Walking,Private
8054_64,Jogging,Public
8054_65,Jogging,Public
8054_66,Walking,Public
8054_67,Walking,Private
8054_68,Upstairs,Private
8054_69,Walking,Public
8054_70,Upstairs,Public
8054_71,Walking,Public
8054_72,Standing,Private
8054_73,Upstairs,Public
8054_74,Downstairs,Public
8054_75,Standing,Public
8054_76,Standing,Private
8054_77,Sitting,Public
8054_78,Walking,Private
8054_79,Walking,Private
8054_80,Walking,Private
8054_81,Walking,Private
8054_82,Upstairs,Private
8054_83,Jogging,Private
8054_84,Sitting,Private
8054_85,Sitting,Private
8054_86,Walking,Public
8054_87,Standing,Private
8054_88,Sitting,Public
8054_89,Downstairs,Public
8054_90,Walking,Private
8054_91,Standing,Public
8054_92,Upstairs,Private
8054_93,Upstairs,Private
8054_94,Upstairs,Private
8054_95,Standing,Public
8054_96,Upstairs,Public
8054_97,Jogging,Private
8054_98,Sitting,Private
8054_99,Downstairs,Public
8054_100,Jogging,Public
8054_101,Upstairs,Public
8054_102,Sitting,Public
8054_103,Downstairs,Public
8054_104,Jogging,Private
8054_105,Upstairs,Private
8054_106,Jogging,Public
8054_107,Upstairs,Private
8054_108,Jogging,Private
8054_109,Walking,Private
8054_110,Sitting,Private
8054_111,Jogging,Private
8054_112,Upstairs,Public
8054_113,Downstairs,Private
8054_114,Downstairs,Public
8054_115,Standing,Private
8054_116,Upstairs,Private
8054_117,Walking,Private
8054_118,Upstairs,Public
8054_119,Upstairs,Public
8054_120,Sitting,Private
8054_121,Jogging,Public
8054_122,Sitting,Private
8054_123,Downstairs,Private
8054_124,Walking,Private
8054_125,Sitting,Public
8054_126,Downstairs,Private
8054_127,Upstairs,Private
8054_128,Walking,Public
8054_129,Upstairs,Public
8054_130,Sitting,Private
8054_131,Upstairs,Private
8054_132,Upstairs,Private
8054_133,Standing,Public
8054_134,Jogging,Public
8054_135,Walking,Private
8054_136,Standing,Private
8054_137,Upstairs,Public
8054_138,Walking,Private
8054_139,Jogging,Public
8054_140,Jogging,Private
8054_141,Jogging,Public
8054_142,Downstairs,Public
8054_143,Walking,Private
8054_144,Standing,Public
8054_145,Standing,Public
8054_146,Jogging,Private
8054_147,Walking,Private
8054_148,Downstairs,Private
8054_149,Jogging,Public
8054_150,Standing,Public
8054_151,Downstairs,Private
8054_152,Jogging,Public
8054_153,Upstairs,Private
8054_154,Downstairs,Public
8054_155,Upstairs,Public
8054_156,Sitting,Private
8054_157,Downstairs,Public
8054_158,Walking,Private
8054_159,Upstairs,Public
8054_160,Walking,Private
8054_161,Jogging,Public
8054_162,Standing,Private
8054_163,Upstairs,Private
8054_164,Sitting,Private
8054_165,Upstairs,Public
8054_166,Jogging,Private
8054_167,Downstairs,Private
8054_168,Downstairs,Public
8054_169,Jogging,Public
8054_170,Downstairs,Public
8054_171,Sitting,Private
8054_172,Walking,Public
8054_173,Jogging,Public
8054_174,Downstairs,Public
8054_175,Walking,Public
8054_176,Standing,Private
8054_177,Walking,Private
8054_178,Standing,Private
8054_179,Jogging,Private
8054_180,Standing,Private
8054_181,Upstairs,Private
8054_182,Upstairs,Public
8054_183,Walking,Public
8054_184,Downstairs,Private
8054_185,Downstairs,Private
8054_186,Jogging,Private
8054_187,Jogging,Public
8054_188,Downstairs,Private
8054_189,Walking,Private
8054_190,Upstairs,Private
8054_191,Walking,Private
8054_192,Downstairs,Private
8054_193,Downstairs,Public
8054_194,Jogging,Public
8054_195,Standing,Public
8054_196,Sitting,Private
8054_197,Upstairs,Public
8054_198,Standing,Private
8054_199,Standing,Public
8054_200,Standing,Public
8054_201,Walking,Public
8054_202,Upstairs,Public
8054_203,Walking,Private
8054_204,Upstairs,Private
8138_0,Walking,Public
8138_1,Walking,Public
8138_2,Walking,Public
8138_3,Sitting,Public
8138_4,Upstairs,Private
8138_5,Downstairs,Public
8138_6,Upstairs,Private
8138_7,Jogging,Public
8138_8,Standing,Public
8138_9,Jogging,Private
8138_10,Upstairs,Public
8138_11,Sitting,Public
8138_12,Standing,Private
8138_13,Upstairs,Public
8138_14,Standing,Private
8138_15,Walking,Private
8138_16,Upstairs,Private
8138_17,Sitting,Public
8138_18,Walking,Private
8138_19,Jogging,Public
8138_20,Upstairs,Public
8138_21,Walking,Private
8138_22,Jogging,Public
8138_23,Jogging,Public
8138_24,Standing,Private
8138_25,Walking,Public
8138_26,Upstairs,Private
8138_27,Jogging,Private
8138_28,Downstairs,Private
8138_29,Upstairs,Private
8138_30,Sitting,Public
8138_31,Downstairs,Public
8138_32,Upstairs,Private
8138_33,Upstairs,Private
8138_34,Walking,Private
8138_35,Sitting,Private
8138_36,Jogging,Private
8138_37,Sitting,Public
8138_38,Standing,Public
8138_39,Upstairs,Private
8138_40,Upstairs,Public
8138_41,Sitting,Private
8138_42,Sitting,Public
8138_43,Upstairs,Private
8138_44,Upstairs,Public
8138_45,Downstairs,Private
8138_46,Walking,Private
8138_47,Walking,Private
8138_48,Jogging,Private
8138_49,Downstairs,Private
8138_50,Walking,Public
8138_51,Walking,Private
8138_52,Walking,Private
8138_53,Downstairs,Private
8138_54,Upstairs,Private
8138_55,Walking,Public
8138_56,Standing,Private
8138_57,Jogging,Private
8138_58,Walking,Private
8138_59,Upstairs,Private
8138_60,Jogging,Private
8138_61,Walking,Private
8138_62,Walking,Private
8138_63,Jogging,Private
8138_64,Upstairs,Private
8138_65,Downstairs,Public
8138_66,Upstairs,Public
8138_67,Walking,Private
8138_68,Walking,Public
8138_69,Sitting,Private
8138_70,Jogging,Public
8138_71,Standing,Public
8138_72,Jogging,Private
8138_73,Standing,Public
8138_74,Sitting,Private
8138_75,Downstairs,Public
8138_76,Sitting,Private
8138_77,Upstairs,Public
8138_78,Upstairs,Private
8138_79,Jogging,Public
8138_80,Upstairs,Public
8138_81,Walking,Private
8138_82,Sitting,Private
8138_83,Upstairs,Private
8138_84,Sitting,Public
8138_85,Downstairs,Private
8138_86,Standing,Private
8138_87,Sitting,Public
8138_88,Downstairs,Public
8138_89,Standing,Public
8138_90,Upstairs,Public
8138_91,Sitting,Private
8138_92,Upstairs,Private
8138_93,Standing,Private
8138_94,Upstairs,Public
8138_95,Walking,Public
8138_96,Jogging,Public
8138_97,Downstairs,Public
8138_98,Jogging,Private
8138_99,Jogging,Private
8138_100,Jogging,Private
8138_101,Downstairs,Private
8138_102,Jogging,Private
8138_103,Jogging,Private
8138_104,Sitting,Public
8138_105,Downstairs,Private
8138_106,Upstairs,Private
8138_107,Jogging,Private
8138_108,Sitting,Private
8138_109,Sitting,Private
8138_110,Walking,Public
8138_111,Walking,Public
8138_112,Sitting,Private
8138_113,Jogging,Private
8138_114,Walking,Public
8138_115,Standing,Public
8138_116,Sitting,Private
8138_117,Downstairs,Public
8138_118,Downstairs,Private
8138_119,Walking,Private
8138_120,Downstairs,Public
8138_121,Standing,Private
8138_122,Downstairs,Private
8138_123,Walking,Public
8138_124,Walking,Public
8138_125,Sitting,Public
8138_126,Downstairs,Public
8138_127,Sitting,Private
8138_128,Walking,Private
8138_129,Sitting,Private
8203_0,Standing,Private
8203_1,Upstairs,Private
8203_2,Downstairs,Public
8203_3,Jogging,Public
8203_4,Walking,Public
8203_5,Downstairs,Public
8203_6,Downstairs,Public
8203_7,Downstairs,Private
8203_8,Standing,Public
8203_9,Upstairs,Private
8203_10,Downstairs,Public
8203_11,Upstairs,Public
8203_12,Sitting,Public
8203_13,Standing,Private
8203_14,Jogging,Public
8203_15,Sitting,Public
8203_16,Jogging,Private
8203_17,Upstairs,Private
8203_18,Sitting,Private
8203_19,Sitting,Public
8203_20,Standing,Private
8203_21,Walking,Private
8203_22,Downstairs,Private
8203_23,Upstairs,Private
8203_24,Standing,Public
8203_25,Downstairs,Private
8203_26,Standing,Public
8203_27,Walking,Public
8203_28,Upstairs,Private
8203_29,Standing,Public
8203_30,Standing,Public
8203_31,Downstairs,Public
8203_32,Upstairs,Public
8203_33,Walking,Private
8203_34,Jogging,Public
8203_35,Walking,Private
8203_36,Upstairs,Private
8203_37,Walking,Public
8203_38,Standing,Public
8203_39,Upstairs,Private
8203_40,Standing,Private
8203_41,Sitting,Private
8203_42,Upstairs,Private
8203_43,Jogging,Public
8203_44,Jogging,Public
8203_45,Sitting,Private
8203_46,Walking,Private
8203_47,Downstairs,Private
8203_48,Upstairs,Private
8203_49,Downstairs,Private
8203_50,Upstairs,Private
8203_51,Standing,Public
8203_52,Jogging,Public
8203_53,Jogging,Public
8203_54,Upstairs,Public
8203_55,Sitting,Private
8203_56,Upstairs,Public
8203_57,Walking,Private
8203_58,Sitting,Private
8203_59,Standing,Public
8203_60,Walking,Public
8203_61,Downstairs,Public
8203_62,Upstairs,Private
8203_63,Downstairs,Public
8203_64,Jogging,Public
8203_65,Sitting,Private
8203_66,Walking,Private
8203_67,Jogging,Public
8203_68,Walking,Public
8203_69,Downstairs,Private
8203_70,Walking,Public
8203_71,Downstairs,Public
8203_72,Downstairs,Private
8203_73,Upstairs,Public
8203_74,Standing,Public
8203_75,Walking,Private
8203_76,Upstairs,Private
8203_77,Downstairs,Public
8203_78,Upstairs,Public
8203_79,Upstairs,Private
8203_80,Sitting,Public
8203_81,Upstairs,Public
8203_82,Sitting,Public
8203_83,Downstairs,Private
8203_84,Sitting,Private
8203_85,Sitting,Private
8203_86,Standing,Public
8203_87,Standing,Private
8203_88,Standing,Public
8203_89,Jogging,Private
8203_90,Upstairs,Public
8203_91,Jogging,Public
8203_92,Upstairs,Private
8203_93,Walking,Private
8203_94,Upstairs,Private
8203_95,Standing,Private
8203_96,Walking,Private
8203_97,Walking,Private
8203_98,Standing,Public
8203_99,Jogging,Public
8203_100,Sitting,Private
8203_101,Sitting,Private
8203_102,Upstairs,Private
8203_103,Walking,Private
8203_104,Standing,Public
8203_105,Jogging,Private
8203_106,Sitting,Private
8203_107,Upstairs,Public
8203_108,Sitting,Public
8203_109,Jogging,Public
8203_110,Sitting,Public
8203_111,Walking,Public
8203_112,Jogging,Private
8203_113,Downstairs,Private
8203_114,Upstairs,Public
8203_115,Upstairs,Public
8203_116,Jogging,Public
8203_117,Sitting,Private
8203_118,Jogging,Public
8203_119,Upstairs,Public
8203_120,Jogging,Private
8203_121,Standing,Private
8203_122,Upstairs,Private
8203_123,Upstairs,Public
8203_124,Upstairs,Public
8203_125,Walking,Public
8203_126,Jogging,Public
8203_127,Upstairs,Public
8203_128,Standing,Private
8203_129,Standing,Public
8203_130,Sitting,Private
8203_131,Jogging,Public
8203_132,Upstairs,Private
8203_133,Jogging,Public
8203_134,Walking,Private
8203_135,Jogging,Public
8203_136,Jogging,Public
8203_137,Downstairs,Private
8203_138,Sitting,Public
8203_139,Upstairs,Public
8203_140,Upstairs,Private
8203_141,Jogging,Private
8203_142,Sitting,Private
8203_143,Upstairs,Public
8203_144,Sitting,Private
8203_145,Standing,Private
8203_146,Downstairs,Private
8203_147,Upstairs,Public
8203_148,Walking,Public
8203_149,Jogging,Private
8203_150,Upstairs,Private
8203_151,Sitting,Public
8203_152,Walking,Private
8203_153,Downstairs,Private
8203_154,Upstairs,Public
8203_155,Upstairs,Public
8203_156,Upstairs,Private
8203_157,Sitting,Private
8203_158,Upstairs,Private
8203_159,Walking,Public
8203_160,Walking,Private
8203_161,Sitting,Public
8203_162,Downstairs,Private
8203_163,Sitting,Private
8203_164,Jogging,Public
8203_165,Walking,Private
8203_166,Downstairs,Private
8203_167,Jogging,Private
8203_168,Downstairs,Public
8203_169,Upstairs,Private
8203_170,Downstairs,Private
8203_171,Jogging,Public
8203_172,Jogging,Private
8203_173,Upstairs,Public
8203_174,Walking,Private
8203_175,Sitting,Public
8203_176,Upstairs,Private
8203_177,Walking,Public
8203_178,Jogging,Private
8203_179,Walking,Public
8203_180,Standing,Private
8203_181,Jogging,Public
8203_182,Jogging,Public
8203_183,Standing,Public
8203_184,Upstairs,Private
8203_185,Upstairs,Public
8203_186,Walking,Public
8203_187,Sitting,Public
8203_188,Walking,Public
8203_189,Standing,Public
8203_190,Sitting,Public
8203_191,Standing,Private
8203_192,Downstairs,Private
8203_193,Sitting,Private
8203_194,Upstairs,Public
8203_195,Upstairs,Public
8203_196,Standing,Public
8203_197,Downstairs,Private
8203_198,Upstairs,Private
8203_199,Standing,Private
8203_200,Jogging,Private
8203_201,Sitting,Public
8203_202,Upstairs,Public
8203_203,Downstairs,Public
8203_204,Downstairs,Public
8203_205,Standing,Public
8203_206,Standing,Private
8203_207,Standing,Private
8203_208,Downstairs,Public
8203_209,Downstairs,Private
8203_210,Sitting,Public
8203_211,Downstairs,Public
8203_212,Standing,Public
8203_213,Upstairs,Public
8203_214,Walking,Private
8203_215,Downstairs,Private
8203_216,Standing,Public
8203_217,Standing,Private
8203_218,Upstairs,Public
8203_219,Upstairs,Private
8203_220,Standing,Private
8203_221,Upstairs,Private
8203_222,Upstairs,Private
8203_223,Sitting,Private
8203_224,Sitting,Public
8203_225,Jogging,Private
8203_226,Downstairs,Private
8203_227,Standing,Private
8203_228,Sitting,Public
8203_229,Sitting,Private
8203_230,Jogging,Public
8203_231,Downstairs,Public
8203_232,Standing,Public
8203_233,Upstairs,Private
8203_234,Walking,Public
8203_235,Upstairs,Private
8203_236,Jogging,Public
8203_237,Downstairs,Public
8203_238,Upstairs,Public
8203_239,Upstairs,Public
8203_240,Upstairs,Private
8203_241,Upstairs,Public
8203_242,Downstairs,Private
8203_243,Jogging,Private
8203_244,Sitting,Public
8203_245,Upstairs,Public
8203_246,Standing,Public
8203_247,Standing,Public
8203_248,Upstairs,Public
8203_249,Walking,Private
8203_250,Downstairs,Public
8203_251,Sitting,Public
8203_252,Sitting,Private
8203_253,Jogging,Public
8203_254,Upstairs,Private
8203_255,Downstairs,Public
8203_256,Sitting,Private
8203_257,Upstairs,Public
8203_258,Sitting,Private
8203_259,Standing,Public
8203_260,Walking,Private
8203_261,Jogging,Public
8203_262,Downstairs,Public
8203_263,Sitting,Private
8203_264,Downstairs,Public
8203_265,Standing,Private
8203_266,Upstairs,Public
8203_267,Jogging,Public
8203_268,Upstairs,Public
8203_269,Walking,Public
8203_270,Jogging,Private
8203_271,Walking,Private
8203_272,Sitting,Public
8203_273,Upstairs,Private
8203_274,Sitting,Public
8203_275,Sitting,Private
8203_276,Upstairs,Private
8203_277,Sitting,Public
8203_278,Sitting,Public
8203_279,Sitting,Public
8203_280,Standing,Public
8203_281,Standing,Public
8203_282,Sitting,Public
8203_283,Downstairs,Public
8203_284,Walking,Private
8203_285,Standing,Private
8203_286,Upstairs,Private
8203_287,Sitting,Private
8203_288,Walking,Private
8203_289,Standing,Private
8203_290,Sitting,Private
8203_291,Walking,Public
8203_292,Upstairs,Public
8203_293,Upstairs,Private
8203_294,Sitting,Public
8203_295,Walking,Public
8203_296,Downstairs,Public
8203_297,Upstairs,Private
8203_298,Standing,Private
8203_299,Jogging,Public
8203_300,Upstairs,Private
8203_301,Sitting,Public
8203_302,Standing,Public
8203_303,Upstairs,Private
8203_304,Downstairs,Private
8203_305,Walking,Private
8203_306,Downstairs,Public
8203_307,Upstairs,Private
8203_308,Upstairs,Public
8203_309,Sitting,Public
8203_310,Jogging,Public
8203_311,Jogging,Private
8203_312,Standing,Private
8203_313,Upstairs,Public
8203_314,Standing,Public
8203_315,Walking,Public
8203_316,Sitting,Private
8203_317,Walking,Private
8203_318,Standing,Public
8203_319,Jogging,Private
8203_320,Downstairs,Private
8203_321,Sitting,Private
8203_322,Walking,Public
8203_323,Upstairs,Private
8203_324,Walking,Public
8203_325,Downstairs,Public
8203_326,Walking,Public
8203_327,Downstairs,Private
8203_328,Upstairs,Public
8203_329,Sitting,Public
8203_330,Upstairs,Private
8203_331,Standing,Private
8203_332,Upstairs,Private
8203_333,Walking,Public
8203_334,Upstairs,Public
8203_335,Upstairs,Private
8203_336,Upstairs,Public
8203_337,Walking,Private
8203_338,Jogging,Private
8203_339,Jogging,Private
8203_340,Jogging,Private
8203_341,Walking,Private
8203_342,Downstairs,Public
8203_343,Standing,Private
8203_344,Upstairs,Private
8203_345,Standing,Private
8203_346,Sitting,Private
8203_347,Walking,Private
8203_348,Jogging,Public
8203_349,Sitting,Public
8203_350,Standing,Private
8203_351,Upstairs,Public
8203_352,Sitting,Private
8203_353,Jogging,Private
8203_354,Jogging,Public
8203_355,Downstairs,Public
8203_356,Jogging,Private
8203_357,Standing,Public
8203_358,Walking,Private
8203_359,Downstairs,Private
8203_360,Jogging,Public
8203_361,Sitting,Private
8203_362,Walking,Private
8203_363,Upstairs,Public
8203_364,Walking,Public
8203_365,Downstairs,Public
8203_366,Upstairs,Private
8203_367,Upstairs,Public
8203_368,Walking,Private
8203_369,Jogging,Private
8203_370,Standing,Public
8203_371,Sitting,Public
8203_372,Jogging,Public
8203_373,Jogging,Private
8203_374,Sitting,Private
8203_375,Downstairs,Public
8203_376,Upstairs,Public
8203_377,Jogging,Public
8203_378,Sitting,Private
8203_379,Standing,Private
8203_380,Upstairs,Private
8203_381,Walking,Public
8203_382,Standing,Private
8203_383,Walking,Public
8203_384,Sitting,Private
8203_385,Jogging,Private
8203_386,Downstairs,Public
8203_387,Jogging,Public
8203_388,Sitting,Public
8203_389,Sitting,Private
8203_390,Downstairs,Public
8203_391,Walking,Private
8203_392,Standing,Public
8203_393,Upstairs,Public
8203_394,Downstairs,Public
8203_395,Upstairs,Private
8203_396,Upstairs,Private
8203_397,Upstairs,Private
8203_398,Upstairs,Public
8203_399,Walking,Public
8203_400,Downstairs,Private
8203_401,Downstairs,Public
8203_402,Standing,Public
8203_403,Upstairs,Public
8203_404,Standing,Public
8203_405,Walking,Private
8203_406,Upstairs,Private
8203_407,Sitting,Private
8203_408,Jogging,Private
8203_409,Upstairs,Public
8203_410,Jogging,Public
8203_411,Standing,Private
8203_412,Sitting,Private
8203_413,Jogging,Private
8203_414,Walking,Public
8203_415,Sitting,Public
8203_416,Downstairs,Public
8203_417,Standing,Public
8203_418,Jogging,Public
8203_419,Downstairs,Private
8203_420,Standing,Public
8203_421,Walking,Public
8203_422,Standing,Private
8203_423,Sitting,Public
8203_424,Downstairs,Public
8203_425,Standing,Private
8203_426,Standing,Private
8203_427,Standing,Private
8203_428,Downstairs,Private
8203_429,Sitting,Public
8203_430,Sitting,Private
8203_431,Sitting,Public
8203_432,Sitting,Private
8203_433,Downstairs,Public
8203_434,Jogging,Public
8203_435,Walking,Private
8203_436,Jogging,Public
8203_437,Upstairs,Private
8203_438,Jogging,Public
8203_439,Upstairs,Public
8203_440,Walking,Public
8203_441,Standing,Public
8203_442,Standing,Public
8203_443,Downstairs,Private
8203_444,Jogging,Public
8203_445,Sitting,Private
8203_446,Downstairs,Private
8203_447,Sitting,Private
8203_448,Sitting,Public
8203_449,Downstairs,Public
8203_450,Downstairs,Private
8203_451,Upstairs,Public
8203_452,Sitting,Public
8203_453,Sitting,Public
8203_454,Upstairs,Private
8203_455,Downstairs,Private
8203_456,Jogging,Private
8203_457,Downstairs,Public
8203_458,Standing,Private
8203_459,Upstairs,Public
8203_460,Standing,Public
8203_461,Upstairs,Private
8203_462,Standing,Private
8203_463,Standing,Private
8203_464,Downstairs,Private
8203_465,Standing,Public
8203_466,Sitting,Public
8203_467,Walking,Private
8203_468,Sitting,Private
8203_469,Standing,Public
8203_470,Jogging,Private
8203_471,Downstairs,Private
8203_472,Sitting,Public
8203_473,Standing,Private
8203_474,Downstairs,Public
8203_475,Downstairs,Public
8203_476,Walking,Private
8203_477,Downstairs,Private
8203_478,Jogging,Public
8203_479,Upstairs,Private
8203_480,Downstairs,Private
8203_481,Sitting,Public
8203_482,Walking,Public
8203_483,Downstairs,Public
8203_484,Sitting,Public
8203_485,Jogging,Public
8203_486,Standing,Private
8203_487,Standing,Public
8203_488,Standing,Public
8203_489,Walking,Private
8203_490,Sitting,Private
8203_491,Jogging,Public
8203_492,Jogging,Private
8203_493,Standing,Public
8203_494,Upstairs,Private
8203_495,Sitting,Public
8203_496,Upstairs,Private
8203_497,Sitting,Public
8203_498,Walking,Private
8203_499,Walking,Private
8203_500,Standing,Public
8203_501,Downstairs,Private
8203_502,Downstairs,Public
8203_503,Standing,Public
8203_504,Jogging,Private
8203_505,Walking,Public
8203_506,Standing,Public
8203_507,Upstairs,Public
8203_508,Upstairs,Private
8203_509,Upstairs,Private
8203_510,Downstairs,Private
8203_511,Standing,Private
8203_512,Jogging,Private
8203_513,Sitting,Public
8203_514,Standing,Private
8203_515,Walking,Public
8203_516,Jogging,Private
8203_517,Sitting,Private
8203_518,Jogging,Private
8203_519,Upstairs,Public
8203_520,Sitting,Public
8203_521,Walking,Public
8203_522,Downstairs,Private
8203_523,Sitting,Public
8203_524,Upstairs,Private
8203_525,Upstairs,Public
8203_526,Walking,Public
8203_527,Standing,Public
8203_528,Walking,Private
8203_529,Walking,Public
8203_530,Jogging,Private
8203_531,Standing,Public
8203_532,Downstairs,Public
8203_533,Upstairs,Public
8203_534,Walking,Public
8203_535,Walking,Public
8203_536,Walking,Private
8203_537,Walking,Private
8203_538,Downstairs,Private
8203_539,Sitting,Public
8203_540,Downstairs,Public
8203_541,Standing,Public
8203_542,Walking,Public
8209_0,Downstairs,Public
8209_1,Jogging,Private
8209_2,Standing,Private
8209_3,Upstairs,Public
8209_4,Standing,Public
8209_5,Sitting,Private
8209_6,Walking,Private
8209_7,Upstairs,Private
8209_8,Downstairs,Public
8209_9,Jogging,Public
8209_10,Standing,Public
8209_11,Jogging,Public
8209_12,Downstairs,Public
8209_13,Jogging,Public
8209_14,Jogging,Public
8209_15,Upstairs,Public
8209_16,Walking,Private
8209_17,Standing,Private
8209_18,Walking,Private
8209_19,Upstairs,Private
8209_20,Sitting,Private
8209_21,Downstairs,Private
8209_22,Downstairs,Public
8209_23,Walking,Private
8209_24,Upstairs,Private
8209_25,Walking,Private
8209_26,Jogging,Private
8209_27,Sitting,Public
8209_28,Standing,Public
8209_29,Upstairs,Public
8209_30,Walking,Public
8209_31,Jogging,Private
8209_32,Jogging,Public
8209_33,Upstairs,Public
8209_34,Sitting,Public
8209_35,Standing,Public
8209_36,Standing,Private
8209_37,Upstairs,Private
8209_38,Sitting,Private
8209_39,Downstairs,Private
8209_40,Downstairs,Public
8209_41,Jogging,Public
8209_42,Walking,Public
8209_43,Downstairs,Public
8209_44,Walking,Public
8209_45,Standing,Private
8209_46,Jogging,Public
8209_47,Walking,Private
8209_48,Sitting,Private
8209_49,Walking,Private
8209_50,Downstairs,Private
8209_51,Upstairs,Private
8209_52,Jogging,Private
8209_53,Upstairs,Public
8209_54,Upstairs,Public
8209_55,Downstairs,Private
8209_56,Sitting,Private
8209_57,Downstairs,Private
8209_58,Upstairs,Public
8209_59,Upstairs,Public
8209_60,Downstairs,Public
8209_61,Standing,Public
8209_62,Sitting,Public
8209_63,Upstairs,Private
8209_64,Downstairs,Private
8209_65,Downstairs,Public
8209_66,Sitting,Public
8209_67,Sitting,Private
8209_68,Standing,Public
8209_69,Upstairs,Private
8209_70,Standing,Public
8209_71,Jogging,Public
8209_72,Upstairs,Private
8209_73,Walking,Private
8209_74,Standing,Private
8209_75,Walking,Private
8209_76,Walking,Private
8209_77,Standing,Private
8209_78,Standing,Public
8209_79,Sitting,Private
8209_80,Downstairs,Public
8209_81,Upstairs,Public
8209_82,Jogging,Private
8209_83,Jogging,Private
8209_84,Standing,Public
8209_85,Upstairs,Public
8209_86,Sitting,Private
8209_87,Standing,Private
8209_88,Walking,Public
8209_89,Upstairs,Public
8209_90,Upstairs,Private
8209_91,Jogging,Private
8209_92,Upstairs,Public
8209_93,Upstairs,Private
8209_94,Upstairs,Private
8209_95,Upstairs,Private
8209_96,Upstairs,Public
8209_97,Walking,Private
8209_98,Standing,Private
8209_99,Walking,Private
8209_100,Jogging,Private
8209_101,Upstairs,Private
8209_102,Walking,Public
8209_103,Sitting,Public
8209_104,Standing,Private
8209_105,Walking,Public
8209_106,Downstairs,Public
8209_107,Upstairs,Public
8209_108,Walking,Private
8209_109,Jogging,Public
8209_110,Upstairs,Private
8209_111,Upstairs,Public
8209_112,Standing,Public
8209_113,Standing,Public
8209_114,Jogging,Private
8209_115,Walking,Public
8209_116,Sitting,Public
8209_117,Walking,Public
8209_118,Standing,Private
8209_119,Sitting,Public
8209_120,Upstairs,Private
8209_121,Jogging,Private
8209_122,Standing,Private
8209_123,Jogging,Private
8209_124,Sitting,Public
8209_125,Jogging,Public
8209_126,Jogging,Public
8209_127,Upstairs,Public
8209_128,Downstairs,Public
8209_129,Jogging,Public
8209_130,Walking,Public
8209_131,Walking,Private
8209_132,Sitting,Public
8209_133,Jogging,Private
8209_134,Walking,Private
8209_135,Standing,Public
8209_136,Sitting,Private
8209_137,Jogging,Private
8209_138,Walking,Private
8209_139,Downstairs,Public
8209_140,Jogging,Private
8209_141,Sitting,Private
8209_142,Walking,Private
8209_143,Sitting,Private
8209_144,Standing,Private
8209_145,Downstairs,Public
8209_146,Standing,Private
8209_147,Sitting,Public
8209_148,Downstairs,Public
8209_149,Upstairs,Private
8209_150,Standing,Public
8209_151,Sitting,Public
8209_152,Jogging,Public
8209_153,Jogging,Public
8209_154,Downstairs,Public
8209_155,Jogging,Private
8209_156,Downstairs,Private
8209_157,Upstairs,Private
8209_158,Downstairs,Public
8209_159,Sitting,Private
8209_160,Upstairs,Private
8209_161,Downstairs,Public
8209_162,Upstairs,Public
8209_163,Jogging,Private
8209_164,Jogging,Public
8209_165,Upstairs,Public
8209_166,Standing,Public
8209_167,Downstairs,Public
8209_168,Sitting,Public
8209_169,Jogging,Private
8209_170,Upstairs,Public
8209_171,Standing,Private
8209_172,Walking,Public
8209_173,Jogging,Private
8209_174,Walking,Private
8209_175,Walking,Private
8209_176,Sitting,Public
8209_177,Jogging,Public
8209_178,Standing,Public
8209_179,Sitting,Public
8209_180,Walking,Private
8209_181,Standing,Private
8209_182,Upstairs,Private
8209_183,Walking,Private
8209_184,Upstairs,Private
8209_185,Jogging,Public
8209_186,Upstairs,Public
8209_187,Sitting,Private
8209_188,Upstairs,Private
8209_189,Jogging,Public
8209_190,Downstairs,Private
8209_191,Upstairs,Private
8209_192,Downstairs,Private
8209_193,Jogging,Private
8209_194,Jogging,Private
8209_195,Sitting,Public
8209_196,Downstairs,Private
8209_197,Jogging,Public
8209_198,Standing,Private
8209_199,Upstairs,Private
8209_200,Jogging,Public
8209_201,Upstairs,Public
8209_202,Standing,Public
8209_203,Upstairs,Public
8209_204,Jogging,Private
8209_205,Walking,Public
8209_206,Walking,Private
8209_207,Upstairs,Private
8209_208,Sitting,Private
8209_209,Downstairs,Private
8209_210,Downstairs,Public
8209_211,Walking,Public
8209_212,Sitting,Public
8209_213,Walking,Public
8209_214,Upstairs,Private
8209_215,Jogging,Private
8209_216,Sitting,Private
8209_217,Upstairs,Public
8209_218,Walking,Private
8209_219,Walking,Public
8209_220,Walking,Private
8209_221,Downstairs,Public
8209_222,Standing,Public
8209_223,Upstairs,Public
8209_224,Jogging,Public
8209_225,Downstairs,Private
8209_226,Upstairs,Private
8209_227,Jogging,Public
8209_228,Sitting,Private
8209_229,Sitting,Public
8209_230,Upstairs,Public
8209_231,Jogging,Public
8209_232,Downstairs,Private
8209_233,Upstairs,Public
8209_234,Walking,Private
8209_235,Downstairs,Private
8209_236,Walking,Public
8209_237,Upstairs,Private
8209_238,Jogging,Private
8209_239,Sitting,Private
8209_240,Downstairs,Private
8209_241,Upstairs,Public
8209_242,Jogging,Private
8209_243,Standing,Private
8209_244,Standing,Private
8209_245,Standing,Public
8209_246,Upstairs,Public
8209_247,Standing,Private
8209_248,Upstairs,Private
8209_249,Upstairs,Private
8209_250,Jogging,Private
8209_251,Sitting,Private
8209_252,Downstairs,Private
8209_253,Sitting,Private
8209_254,Standing,Private
8209_255,Walking,Public
8209_256,Sitting,Private
8209_257,Upstairs,Private
8209_258,Upstairs,Public
8209_259,Jogging,Public
8209_260,Jogging,Public
8209_261,Jogging,Private
8209_262,Jogging,Private
8209_263,Upstairs,Private
8209_264,Upstairs,Private
8209_265,Downstairs,Public
8209_266,Upstairs,Public
8209_267,Standing,Private
8209_268,Downstairs,Public
8209_269,Upstairs,Public
8209_270,Standing,Private
8209_271,Downstairs,Public
8209_272,Walking,Public
8209_273,Sitting,Public
8209_274,Downstairs,Public
8209_275,Upstairs,Private
8209_276,Sitting,Public
8209_277,Downstairs,Public
8209_278,Downstairs,Private
8209_279,Downstairs,Public
8209_280,Standing,Private
8209_281,Sitting,Public
8209_282,Standing,Public
8209_283,Standing,Private
8209_284,Walking,Public
8209_285,Walking,Private
8209_286,Standing,Private
8209_287,Standing,Private
8209_288,Standing,Private
8209_289,Downstairs,Private
8209_290,Jogging,Private
8209_291,Sitting,Public
8209_292,Walking,Public
8209_293,Downstairs,Private
8209_294,Upstairs,Public
8209_295,Sitting,Private
8209_296,Sitting,Private
8209_297,Walking,Public
8209_298,Jogging,Private
8209_299,Standing,Public
8209_300,Jogging,Private
8209_301,Walking,Public
8209_302,Walking,Private
8209_303,Standing,Private
8209_304,Downstairs,Public
8209_305,Sitting,Public
8209_306,Downstairs,Private
8209_307,Upstairs,Public
8209_308,Downstairs,Public
8209_309,Sitting,Public
8209_310,Downstairs,Private
8209_311,Upstairs,Public
8209_312,Sitting,Private
8209_313,Sitting,Public
8209_314,Standing,Private
8209_315,Upstairs,Public
8209_316,Jogging,Public
8209_317,Downstairs,Public
8209_318,Sitting,Private
8209_319,Jogging,Private
8209_320,Walking,Private
8209_321,Jogging,Public
8209_322,Walking,Public
8209_323,Downstairs,Public
8209_324,Downstairs,Private
8209_325,Sitting,Private
8209_326,Jogging,Public
8209_327,Downstairs,Private
8209_328,Sitting,Private
8209_329,Jogging,Public
8209_330,Sitting,Private
8209_331,Jogging,Private
8209_332,Sitting,Private
8209_333,Standing,Public
8209_334,Downstairs,Public
8209_335,Walking,Public
8209_336,Walking,Public
8209_337,Downstairs,Public
8209_338,Upstairs,Public
8209_339,Sitting,Public
8209_340,Walking,Private
8209_341,Upstairs,Public
8209_342,Walking,Private
8209_343,Walking,Public
8209_344,Upstairs,Private
8209_345,Standing,Public
8209_346,Sitting,Private
8209_347,Sitting,Private
8209_348,Sitting,Private
8209_349,Downstairs,Private
8209_350,Downstairs,Public
8209_351,Standing,Private
8209_352,Sitting,Private
8209_353,Upstairs,Private
8209_354,Walking,Public
8209_355,Walking,Public
8209_356,Walking,Private
8209_357,Standing,Public
8209_358,Downstairs,Private
8209_359,Jogging,Private
8209_360,Downstairs,Public
8209_361,Downstairs,Private
8209_362,Upstairs,Private
8209_363,Standing,Private
8209_364,Sitting,Private
8209_365,Sitting,Private
8209_366,Standing,Private
8209_367,Downstairs,Public
8209_368,Upstairs,Private
8209_369,Standing,Private
8209_370,Walking,Public
8209_371,Standing,Private
8209_372,Upstairs,Private
8209_373,Standing,Private
8209_374,Upstairs,Private
8209_375,Jogging,Private
8209_376,Upstairs,Private
8209_377,Sitting,Private
8209_378,Walking,Private
8209_379,Walking,Private
8209_380,Downstairs,Public
8209_381,Walking,Public
8209_382,Jogging,Private
8209_383,Upstairs,Private
8209_384,Standing,Private
8209_385,Jogging,Public
8209_386,Upstairs,Private
8209_387,Sitting,Private
8209_388,Standing,Public
8209_389,Standing,Private
8209_390,Jogging,Public
8209_391,Upstairs,Public
8209_392,Sitting,Private
8209_393,Standing,Public
8209_394,Jogging,Public
8209_395,Walking,Public
8209_396,Sitting,Private
8209_397,Jogging,Private
8209_398,Standing,Public
8209_399,Jogging,Private
8209_400,Jogging,Public
8209_401,Sitting,Private
8209_402,Downstairs,Public
8209_403,Jogging,Public
8209_404,Walking,Public
8209_405,Walking,Private
8209_406,Standing,Private
8209_407,Walking,Public
8209_408,Walking,Private
8209_409,Jogging,Private
8209_410,Upstairs,Private
8209_411,Walking,Private
8209_412,Sitting,Private
8209_413,Standing,Public
8209_414,Walking,Public
8209_415,Upstairs,Public
8209_416,Walking,Public
8209_417,Sitting,Private
8209_418,Sitting,Public
8209_419,Standing,Public
8209_420,Upstairs,Private
8209_421,Downstairs,Public
8209_422,Downstairs,Public
8209_423,Standing,Private
8209_424,Jogging,Public
8209_425,Walking,Private
8209_426,Downstairs,Private
8209_427,Standing,Private
8209_428,Jogging,Private
8209_429,Upstairs,Public
8209_430,Downstairs,Private
8209_431,Upstairs,Private
8209_432,Walking,Private
8209_433,Walking,Private
8209_434,Jogging,Public
8209_435,Downstairs,Private
8209_436,Standing,Public
8209_437,Upstairs,Private
8209_438,Standing,Public
8209_439,Downstairs,Public
8209_440,Walking,Public
8209_441,Upstairs,Public
8209_442,Downstairs,Public
8209_443,Sitting,Public
8209_444,Upstairs,Private
8209_445,Downstairs,Private
8209_446,Upstairs,Public
8209_447,Sitting,Public
8209_448,Walking,Public
8209_449,Jogging,Private
8209_450,Upstairs,Private
8209_451,Standing,Public
8209_452,Standing,Public
8209_453,Walking,Private
8241_0,Jogging,Private
8241_1,Jogging,Private
8241_2,Upstairs,Public
8241_3,Sitting,Public
8241_4,Downstairs,Public
8241_5,Jogging,Private
8241_6,Jogging,Private
8241_7,Walking,Public
8241_8,Walking,Public
8241_9,Standing,Private
8241_10,Upstairs,Private
8241_11,Jogging,Public
8241_12,Upstairs,Public
8241_13,Jogging,Private
8241_14,Walking,Private
8241_15,Standing,Private
8241_16,Downstairs,Private
8241_17,Downstairs,Private
8241_18,Downstairs,Public
8241_19,Jogging,Public
8241_20,Standing,Private
8241_21,Upstairs,Private
8241_22,Jogging,Private
8241_23,Jogging,Private
8241_24,Standing,Private
8241_25,Sitting,Private
8241_26,Jogging,Public
8241_27,Walking,Private
8241_28,Jogging,Public
8241_29,Upstairs,Private
8241_30,Walking,Private
8241_31,Downstairs,Private
8241_32,Sitting,Private
8241_33,Standing,Public
8241_34,Jogging,Private
8241_35,Walking,Private
8241_36,Jogging,Public
8241_37,Sitting,Public
8241_38,Downstairs,Private
8241_39,Upstairs,Private
8241_40,Jogging,Public
8241_41,Standing,Private
8241_42,Jogging,Public
8241_43,Standing,Private
8241_44,Standing,Private
8241_45,Walking,Public
8241_46,Downstairs,Public
8241_47,Standing,Private
8241_48,Walking,Private
8241_49,Jogging,Public
8241_50,Standing,Private
8241_51,Jogging,Public
8241_52,Downstairs,Private
8241_53,Standing,Public
8241_54,Jogging,Private
8241_55,Downstairs,Public
8241_56,Standing,Public
8241_57,Jogging,Private
8241_58,Upstairs,Private
8241_59,Downstairs,Private
8241_60,Upstairs,Private
8241_61,Sitting,Public
8241_62,Jogging,Public
8241_63,Downstairs,Public
8241_64,Sitting,Private
8241_65,Downstairs,Public
8241_66,Standing,Public
8241_67,Jogging,Public
8241_68,Sitting,Private
8241_69,Sitting,Private
8241_70,Walking,Public
8241_71,Jogging,Public
8241_72,Jogging,Private
8241_73,Standing,Public
8241_74,Standing,Private
8241_75,Upstairs,Public
8241_76,Jogging,Private
8241_77,Standing,Private
8241_78,Downstairs,Private
8241_79,Upstairs,Public
8241_80,Upstairs,Public
8241_81,Downstairs,Public
8241_82,Sitting,Private
8241_83,Sitting,Private
8241_84,Upstairs,Public
8241_85,Jogging,Public
8241_86,Sitting,Public
8241_87,Sitting,Public
8241_88,Walking,Private
8241_89,Walking,Private
8241_90,Upstairs,Private
8241_91,Standing,Private
8241_92,Upstairs,Private
8241_93,Downstairs,Public
8241_94,Downstairs,Public
8241_95,Sitting,Public
8241_96,Standing,Private
8241_97,Jogging,Private
8241_98,Sitting,Private
8241_99,Walking,Private
8241_100,Upstairs,Private
8241_101,Downstairs,Public
8241_102,Downstairs,Private
8241_103,Upstairs,Private
8241_104,Walking,Public
8241_105,Jogging,Private
8241_106,Upstairs,Private
8241_107,Jogging,Private
8241_108,Downstairs,Public
8241_109,Downstairs,Public
8241_110,Sitting,Private
8241_111,Upstairs,Private
8241_112,Downstairs,Public
8241_113,Standing,Private
8241_114,Upstairs,Private
8241_115,Downstairs,Public
8241_116,Standing,Public
8241_117,Standing,Public
8241_118,Jogging,Private
8241_119,Jogging,Private
8241_120,Sitting,Public
8241_121,Upstairs,Private
8241_122,Upstairs,Private
8241_123,Downstairs,Private
8241_124,Jogging,Public
8241_125,Standing,Private
8241_126,Downstairs,Public
8241_127,Downstairs,Public
8241_128,Sitting,Public
8241_129,Sitting,Public
8241_130,Downstairs,Private
8241_131,Walking,Public
8241_132,Jogging,Private
8241_133,Standing,Public
8241_134,Downstairs,Public
8241_135,Jogging,Public
8241_136,Jogging,Private
8241_137,Sitting,Private
8241_138,Jogging,Private
8241_139,Jogging,Public
8241_140,Jogging,Public
8241_141,Standing,Private
8241_142,Upstairs,Private
8241_143,Jogging,Public
8241_144,Downstairs,Public
8241_145,Standing,Public
8241_146,Downstairs,Public
8241_147,Jogging,Private
8241_148,Upstairs,Private
8241_149,Sitting,Private
8241_150,Upstairs,Private
8241_151,Upstairs,Public
8241_152,Standing,Public
8241_153,Downstairs,Public
8241_154,Standing,Public
8241_155,Walking,Private
8241_156,Jogging,Private
8241_157,Jogging,Public
8241_158,Upstairs,Public
8241_159,Upstairs,Private
8241_160,Downstairs,Public
8241_161,Downstairs,Public
8241_162,Jogging,Private
8241_163,Downstairs,Private
8241_164,Jogging,Private
8241_165,Standing,Public
8241_166,Walking,Public
8241_167,Sitting,Public
8241_168,Sitting,Private
8241_169,Walking,Private
8241_170,Sitting,Private
8241_171,Jogging,Public
8241_172,Upstairs,Public
8241_173,Walking,Public
8241_174,Standing,Private
8241_175,Standing,Private
8241_176,Downstairs,Private
8241_177,Upstairs,Public
8241_178,Upstairs,Public
8241_179,Standing,Private
8241_180,Downstairs,Public
8241_181,Downstairs,Public
8241_182,Jogging,Private
8241_183,Sitting,Public
8241_184,Sitting,Private
8241_185,Jogging,Public
8241_186,Jogging,Private
8241_187,Downstairs,Private
8241_188,Sitting,Private
8241_189,Walking,Public
8241_190,Standing,Private
8241_191,Upstairs,Private
8241_192,Standing,Public
8241_193,Upstairs,Private
8241_194,Standing,Public
8241_195,Standing,Public
8241_196,Standing,Public
8241_197,Sitting,Public
8241_198,Upstairs,Public
8241_199,Downstairs,Private
8241_200,Standing,Private
8241_201,Walking,Private
8241_202,Walking,Private
8241_203,Jogging,Public
8241_204,Downstairs,Private
8241_205,Jogging,Public
8241_206,Jogging,Private
8241_207,Upstairs,Public
8241_208,Jogging,Public
8241_209,Upstairs,Public
8241_210,Standing,Public
8241_211,Sitting,Public
8241_212,Sitting,Public
8241_213,Walking,Private
8241_214,Downstairs,Public
8241_215,Walking,Private
8241_216,Upstairs,Public
8241_217,Standing,Private
8241_218,Standing,Public
8241_219,Sitting,Public
8241_220,Downstairs,Private
8241_221,Standing,Public
8241_222,Upstairs,Private
8241_223,Downstairs,Private
8241_224,Sitting,Public
8241_225,Standing,Private
8241_226,Sitting,Public
8241_227,Sitting,Private
8241_228,Standing,Public
8241_229,Walking,Private
8241_230,Standing,Public
8241_231,Walking,Private
8241_232,Downstairs,Public
8241_233,Upstairs,Private
8241_234,Standing,Public
8241_235,Upstairs,Public
8241_236,Standing,Private
8241_237,Standing,Private
8399_0,Jogging,Private
8399_1,Walking,Private
8399_2,Upstairs,Public
8399_3,Standing,Private
8399_4,Standing,Private
8399_5,Upstairs,Private
8399_6,Upstairs,Private
8399_7,Upstairs,Public
8399_8,Jogging,Private
8399_9,Upstairs,Private
8399_10,Upstairs,Private
8399_11,Sitting,Public
8399_12,Downstairs,Public
8399_13,Upstairs,Public
8399_14,Walking,Private
8399_15,Upstairs,Private
8399_16,Walking,Private
8399_17,Standing,Public
8399_18,Standing,Private
8399_19,Downstairs,Private
8399_20,Jogging,Public
8399_21,Sitting,Public
8399_22,Standing,Public
8399_23,Sitting,Public
8399_24,Downstairs,Private
8399_25,Walking,Public
8399_26,Upstairs,Private
8399_27,Upstairs,Public
8399_28,Upstairs,Public
8399_29,Downstairs,Public
8399_30,Downstairs,Private
8399_31,Standing,Public
8399_32,Jogging,Private
8399_33,Downstairs,Private
8399_34,Walking,Public
8399_35,Upstairs,Private
8399_36,Upstairs,Public
8399_37,Sitting,Public
8399_38,Upstairs,Private
8399_39,Upstairs,Public
8399_40,Jogging,Public
8399_41,Standing,Private
8399_42,Downstairs,Private
8399_43,Standing,Private
8399_44,Sitting,Public
8399_45,Downstairs,Private
8399_46,Downstairs,Public
8399_47,Jogging,Public
8399_48,Jogging,Private
8399_49,Downstairs,Public
8399_50,Walking,Public
8399_51,Standing,Private
8399_52,Standing,Private
8399_53,Jogging,Private
8399_54,Standing,Private
8399_55,Sitting,Public
8399_56,Downstairs,Private
8399_57,Jogging,Private
8399_58,Walking,Private
8399_59,Walking,Private
8399_60,Standing,Public
8399_61,Jogging,Public
8399_62,Walking,Private
8399_63,Standing,Public
8399_64,Jogging,Private
8399_65,Jogging,Public
8399_66,Walking,Private
8399_67,Walking,Public
8399_68,Sitting,Public
8399_69,Upstairs,Public
8399_70,Upstairs,Public
8399_71,Standing,Private
8399_72,Walking,Private
8399_73,Jogging,Private
8399_74,Walking,Private
8399_75,Walking,Private
8399_76,Walking,Public
8399_77,Jogging,Public
8399_78,Sitting,Public
8399_79,Standing,Public
8399_80,Downstairs,Public
8399_81,Downstairs,Public
8399_82,Standing,Private
8399_83,Upstairs,Private
8399_84,Upstairs,Private
8399_85,Walking,Private
8399_86,Standing,Public
8399_87,Upstairs,Public
8399_88,Jogging,Public
8399_89,Walking,Public
8399_90,Walking,Private
8399_91,Walking,Public
8399_92,Sitting,Private
8399_93,Sitting,Private
8399_94,Downstairs,Public
8399_95,Standing,Public
8399_96,Jogging,Private
8399_97,Walking,Public
8399_98,Downstairs,Private
8399_99,Walking,Public
8399_100,Walking,Public
8399_101,Jogging,Public
8399_102,Downstairs,Private
8399_103,Upstairs,Public
8399_104,Walking,Private
8399_105,Sitting,Private
8399_106,Walking,Public
8399_107,Downstairs,Private
8399_108,Jogging,Private
8399_109,Downstairs,Private
8399_110,Downstairs,Public
8399_111,Upstairs,Private
8399_112,Downstairs,Public
8399_113,Upstairs,Public
8399_114,Upstairs,Private
8399_115,Sitting,Public
8399_116,Standing,Public
8399_117,Standing,Public
8399_118,Walking,Public
8399_119,Standing,Public
8399_120,Sitting,Private
8399_121,Sitting,Private
8399_122,Sitting,Public
8399_123,Standing,Private
8399_124,Standing,Public
8399_125,Standing,Public
8399_126,Jogging,Private
8399_127,Downstairs,Private
8399_128,Standing,Private
8399_129,Walking,Public
8399_130,Downstairs,Private
8399_131,Upstairs,Private
8399_132,Sitting,Private
8399_133,Sitting,Public
8399_134,Upstairs,Public
8399_135,Walking,Public
8399_136,Standing,Private
8399_137,Jogging,Public
8399_138,Walking,Private
8399_139,Downstairs,Private
8399_140,Standing,Private
8399_141,Jogging,Public
8399_142,Downstairs,Private
8399_143,Downstairs,Private
8399_144,Walking,Private
8399_145,Jogging,Public
8399_146,Sitting,Public
8399_147,Standing,Private
8399_148,Sitting,Public
8399_149,Walking,Private
8399_150,Sitting,Private
8399_151,Downstairs,Private
8399_152,Upstairs,Private
8399_153,Downstairs,Private
8399_154,Sitting,Public
8399_155,Walking,Private
8399_156,Standing,Public
8399_157,Walking,Private
8399_158,Jogging,Public
8399_159,Upstairs,Private
8399_160,Sitting,Public
8399_161,Downstairs,Private
8399_162,Jogging,Private
8399_163,Downstairs,Public
8399_164,Standing,Public
8399_165,Walking,Private
8399_166,Upstairs,Private
8399_167,Walking,Private
8399_168,Jogging,Private
8399_169,Jogging,Private
8399_170,Downstairs,Private
8399_171,Upstairs,Public
8399_172,Standing,Public
8399_173,Walking,Private
8399_174,Jogging,Private
8399_175,Downstairs,Private
8399_176,Sitting,Public
8399_177,Sitting,Public
8399_178,Jogging,Private
8399_179,Jogging,Public
8399_180,Downstairs,Private
8399_181,Jogging,Private
8399_182,Upstairs,Private
8399_183,Downstairs,Public
8399_184,Standing,Public
8399_185,Jogging,Public
8399_186,Sitting,Public
8399_187,Sitting,Public
8399_188,Sitting,Private
8399_189,Jogging,Public
8399_190,Walking,Private
8399_191,Walking,Private
8399_192,Walking,Public
8399_193,Walking,Private
8399_194,Walking,Private
8399_195,Walking,Public
8399_196,Standing,Public
8399_197,Upstairs,Public
8399_198,Upstairs,Public
8399_199,Jogging,Public
8399_200,Walking,Public
8399_201,Upstairs,Public
8399_202,Walking,Public
8399_203,Standing,Public
8399_204,Upstairs,Public
8399_205,Walking,Public
8399_206,Standing,Public
8399_207,Downstairs,Public
8399_208,Sitting,Private
8399_209,Downstairs,Private
8399_210,Sitting,Public
8399_211,Downstairs,Private
8399_212,Upstairs,Public
8399_213,Standing,Public
8399_214,Upstairs,Private
8399_215,Walking,Public
8399_216,Jogging,Public
8399_217,Sitting,Public
8399_218,Sitting,Public
8399_219,Standing,Private
8399_220,Walking,Private
8399_221,Upstairs,Private
8399_222,Standing,Private
8399_223,Walking,Private
8399_224,Standing,Private
8399_225,Downstairs,Public
8399_226,Jogging,Private
8399_227,Downstairs,Private
8399_228,Walking,Private
8399_229,Standing,Private
8399_230,Standing,Public
8399_231,Jogging,Private
8399_232,Jogging,Public
8399_233,Jogging,Public
8399_234,Standing,Private
8399_235,Jogging,Private
8399_236,Standing,Public
8399_237,Sitting,Public
8399_238,Upstairs,Private
8399_239,Downstairs,Private
8399_240,Walking,Public
8399_241,Upstairs,Public
8399_242,Sitting,Public
8399_243,Downstairs,Private
8399_244,Upstairs,Private
8399_245,Jogging,Public
8399_246,Walking,Private
8399_247,Downstairs,Public
8399_248,Standing,Private
8399_249,Downstairs,Private
8399_250,Sitting,Public
8399_251,Jogging,Private
8399_252,Walking,Public
8399_253,Jogging,Private
8399_254,Upstairs,Private
8399_255,Sitting,Public
8399_256,Upstairs,Private
8399_257,Jogging,Private
8399_258,Upstairs,Private
8399_259,Jogging,Private
8399_260,Downstairs,Public
8399_261,Downstairs,Private
8399_262,Walking,Private
8399_263,Walking,Private
8399_264,Jogging,Private
8399_265,Upstairs,Public
8399_266,Standing,Private
8399_267,Standing,Private
8399_268,Walking,Private
8399_269,Standing,Public
8399_270,Upstairs,Public
8399_271,Standing,Public
8399_272,Sitting,Public
8399_273,Sitting,Private
8399_274,Jogging,Public
8399_275,Standing,Private
8399_276,Sitting,Public
8399_277,Upstairs,Public
8399_278,Jogging,Public
8399_279,Jogging,Private
8399_280,Sitting,Private
8399_281,Downstairs,Public
8399_282,Walking,Private
8399_283,Downstairs,Private
8399_284,Sitting,Public
8399_285,Jogging,Private
8399_286,Standing,Private
8399_287,Standing,Private
8399_288,Walking,Private
8399_289,Walking,Public
8399_290,Walking,Public
8399_291,Upstairs,Private
8399_292,Downstairs,Public
8399_293,Jogging,Public
8399_294,Standing,Private
8399_295,Walking,Public
8399_296,Sitting,Public
8399_297,Walking,Private
8399_298,Sitting,Private
8399_299,Standing,Private
8399_300,Downstairs,Public
8399_301,Walking,Private
8399_302,Sitting,Private
8399_303,Walking,Private
8399_304,Standing,Private
8399_305,Walking,Public
8399_306,Walking,Private
8399_307,Walking,Public
8399_308,Standing,Public
8399_309,Standing,Private
8399_310,Standing,Private
8399_311,Upstairs,Public
8399_312,Standing,Public
8399_313,Downstairs,Private
8399_314,Sitting,Private
8399_315,Walking,Public
8399_316,Jogging,Private
8399_317,Walking,Public
8399_318,Standing,Private
8399_319,Jogging,Public
8399_320,Jogging,Public
8399_321,Walking,Public
8399_322,Standing,Public
8399_323,Walking,Private
8399_324,Jogging,Private
8399_325,Downstairs,Public
8399_326,Sitting,Private
8399_327,Sitting,Private
8399_328,Upstairs,Public
8399_329,Downstairs,Private
8399_330,Downstairs,Private
8399_331,Downstairs,Public
8399_332,Jogging,Public
8399_333,Standing,Public
8399_334,Jogging,Public
8399_335,Walking,Private
8399_336,Jogging,Private
8399_337,Upstairs,Private
8399_338,Downstairs,Public
8399_339,Upstairs,Private
8399_340,Downstairs,Private
8399_341,Sitting,Public
8399_342,Sitting,Public
8399_343,Upstairs,Private
8399_344,Walking,Private
8399_345,Standing,Public
8399_346,Upstairs,Public
8399_347,Jogging,Private
8399_348,Walking,Public
8399_349,Downstairs,Public
8399_350,Sitting,Public
8399_351,Walking,Public
8448_0,Standing,Public
8448_1,Sitting,Private
8448_2,Upstairs,Private
8448_3,Standing,Public
8448_4,Standing,Private
8448_5,Upstairs,Private
8448_6,Sitting,Private
8448_7,Standing,Private
8448_8,Sitting,Private
8448_9,Downstairs,Public
8448_10,Jogging,Private
8448_11,Standing,Private
8448_12,Downstairs,Public
8448_13,Walking,Private
8448_14,Downstairs,Public
8448_15,Sitting,Public
8448_16,Sitting,Public
8448_17,Walking,Public
8448_18,Standing,Private
8448_19,Standing,Public
8448_20,Downstairs,Private
8448_21,Jogging,Private
8448_22,Sitting,Public
8448_23,Sitting,Public
8448_24,Upstairs,Private
8448_25,Upstairs,Public
8448_26,Downstairs,Private
8448_27,Upstairs,Private
8448_28,Walking,Public
8448_29,Walking,Public
8448_30,Jogging,Private
8448_31,Downstairs,Public
8448_32,Walking,Private
8448_33,Upstairs,Public
8448_34,Upstairs,Private
8448_35,Jogging,Public
8448_36,Sitting,Public
8448_37,Sitting,Public
8448_38,Standing,Public
8448_39,Upstairs,Private
8448_40,Standing,Public
8448_41,Upstairs,Public
8448_42,Jogging,Public
8448_43,Upstairs,Private
8448_44,Standing,Public
8448_45,Upstairs,Public
8448_46,Jogging,Private
8448_47,Walking,Private
8448_48,Jogging,Private
8448_49,Jogging,Private
8448_50,Upstairs,Public
8448_51,Upstairs,Public
8448_52,Upstairs,Private
8448_53,Upstairs,Public
8448_54,Standing,Public
8448_55,Standing,Private
8448_56,Standing,Private
8448_57,Standing,Private
8448_58,Sitting,Private
8448_59,Downstairs,Public
8448_60,Downstairs,Private
8448_61,Jogging,Private
8448_62,Jogging,Public
8448_63,Standing,Public
8448_64,Upstairs,Private
8448_65,Jogging,Private
8448_66,Walking,Public
8448_67,Jogging,Public
8448_68,Upstairs,Public
8448_69,Standing,Private
8448_70,Jogging,Private
8448_71,Upstairs,Public
8448_72,Upstairs,Public
8448_73,Sitting,Private
8448_74,Downstairs,Public
8448_75,Jogging,Private
8448_76,Standing,Private
8448_77,Sitting,Private
8448_78,Downstairs,Public
8448_79,Walking,Private
8448_80,Sitting,Public
8448_81,Standing,Private
8448_82,Sitting,Public
8448_83,Jogging,Private
8448_84,Sitting,Private
8448_85,Jogging,Public
8448_86,Upstairs,Public
8448_87,Downstairs,Private
8448_88,Standing,Public
8448_89,Sitting,Private
8448_90,Downstairs,Public
8448_91,Standing,Private
8448_92,Standing,Public
8448_93,Jogging,Private
8448_94,Upstairs,Public
8448_95,Walking,Private
8448_96,Downstairs,Public
8448_97,Upstairs,Public
8448_98,Jogging,Public
8448_99,Jogging,Private
8448_100,Upstairs,Private
8448_101,Jogging,Private
8448_102,Downstairs,Public
8448_103,Sitting,Private
8448_104,Jogging,Private
8448_105,Sitting,Public
8448_106,Jogging,Public
8448_107,Upstairs,Private
8448_108,Downstairs,Private
8448_109,Standing,Private
8448_110,Standing,Private
8448_111,Downstairs,Private
8448_112,Downstairs,Private
8448_113,Jogging,Private
8448_114,Upstairs,Public
8448_115,Standing,Private
8448_116,Standing,Public
8448_117,Walking,Private
8448_118,Upstairs,Public
8448_119,Downstairs,Public
8448_120,Sitting,Public
8448_121,Upstairs,Private
8448_122,Sitting,Public
8448_123,Walking,Public
8448_124,Standing,Public
8448_125,Downstairs,Public
8448_126,Upstairs,Private
8448_127,Walking,Public
8448_128,Downstairs,Public
8448_129,Standing,Private
8448_130,Downstairs,Private
8448_131,Standing,Public
8448_132,Upstairs,Public
8448_133,Sitting,Public
8448_134,Walking,Private
8448_135,Sitting,Public
8448_136,Downstairs,Public
8448_137,Downstairs,Private
8448_138,Downstairs,Private
8448_139,Sitting,Private
8448_140,Jogging,Public
8448_141,Standing,Private
8448_142,Standing,Private
8448_143,Jogging,Private
8448_144,Walking,Private
8448_145,Jogging,Public
8448_146,Walking,Public
8448_147,Upstairs,Public
8448_148,Walking,Public
8448_149,Walking,Private
8448_150,Standing,Public
8448_151,Upstairs,Public
8448_152,Walking,Private
8448_153,Sitting,Private
8448_154,Upstairs,Public
8448_155,Sitting,Private
8448_156,Walking,Public
8448_157,Upstairs,Public
8448_158,Sitting,Public
8448_159,Standing,Public
8448_160,Upstairs,Private
8448_161,Downstairs,Public
8448_162,Walking,Public
8448_163,Upstairs,Public
8448_164,Downstairs,Public
8448_165,Walking,Public
8448_166,Standing,Private
8448_167,Standing,Private
8448_168,Upstairs,Public
8448_169,Upstairs,Public
8448_170,Sitting,Public
8448_171,Jogging,Private
8448_172,Jogging,Private
8448_173,Walking,Private
8448_174,Walking,Private
8448_175,Jogging,Private
8448_176,Upstairs,Private
8448_177,Walking,Private
8448_178,Upstairs,Public
8448_179,Upstairs,Private
8448_180,Jogging,Private
8448_181,Walking,Public
8448_182,Downstairs,Public
8448_183,Jogging,Private
8448_184,Standing,Public
8448_185,Sitting,Public
8448_186,Sitting,Private
8448_187,Upstairs,Public
8448_188,Walking,Private
8448_189,Standing,Public
8448_190,Standing,Private
8448_191,Standing,Public
8448_192,Downstairs,Private
8448_193,Walking,Public
8448_194,Sitting,Private
8448_195,Sitting,Public
8448_196,Jogging,Public
8448_197,Sitting,Public
8448_198,Downstairs,Private
8448_199,Sitting,Public
8448_200,Upstairs,Private
8448_201,Downstairs,Private
8448_202,Sitting,Public
8448_203,Standing,Private
8448_204,Standing,Private
8448_205,Walking,Private
8448_206,Standing,Private
8448_207,Standing,Public
8448_208,Downstairs,Public
8448_209,Sitting,Private
8448_210,Upstairs,Private
8448_211,Downstairs,Public
8448_212,Jogging,Public
8448_213,Sitting,Public
8448_214,Downstairs,Private
8448_215,Sitting,Public
8448_216,Upstairs,Private
8448_217,Walking,Public
8448_218,Upstairs,Public
8448_219,Upstairs,Public
8448_220,Walking,Private
8448_221,Jogging,Public
8448_222,Upstairs,Private
8448_223,Standing,Private
8488_0,Downstairs,Private
8488_1,Sitting,Public
8488_2,Downstairs,Private
8488_3,Standing,Public
8488_4,Jogging,Private
8488_5,Downstairs,Private
8488_6,Standing,Private
8488_7,Jogging,Private
8488_8,Sitting,Private
8488_9,Sitting,Public
8488_10,Walking,Public
8488_11,Standing,Private
8488_12,Downstairs,Public
8488_13,Sitting,Private
8488_14,Downstairs,Private
8488_15,Downstairs,Public
8488_16,Jogging,Public
8488_17,Upstairs,Public
8488_18,Downstairs,Private
8488_19,Downstairs,Private
8488_20,Downstairs,Private
8488_21,Walking,Private
8488_22,Upstairs,Private
8488_23,Upstairs,Private
8488_24,Sitting,Public
8488_25,Jogging,Public
8488_26,Jogging,Private
8488_27,Walking,Public
8488_28,Walking,Private
8488_29,Downstairs,Private
8488_30,Upstairs,Private
8488_31,Upstairs,Public
8488_32,Upstairs,Public
8488_33,Sitting,Private
8488_34,Upstairs,Public
8488_35,Walking,Private
8488_36,Upstairs,Public
8488_37,Standing,Private
8488_38,Upstairs,Private
8488_39,Upstairs,Private
8488_40,Jogging,Private
8488_41,Jogging,Public
8488_42,Jogging,Private
8488_43,Jogging,Public
8488_44,Sitting,Private
8488_45,Jogging,Public
8488_46,Downstairs,Private
8488_47,Walking,Public
8488_48,Standing,Private
8488_49,Jogging,Private
8488_50,Sitting,Public
8488_51,Walking,Private
8488_52,Upstairs,Public
8488_53,Sitting,Public
8488_54,Upstairs,Private
8488_55,Walking,Public
8488_56,Standing,Private
8488_57,Downstairs,Public
8488_58,Sitting,Public
8488_59,Standing,Public
8488_60,Jogging,Public
8488_61,Walking,Public
8488_62,Jogging,Public
8488_63,Standing,Private
8488_64,Upstairs,Private
8488_65,Standing,Public
8488_66,Walking,Public
8488_67,Downstairs,Private
8488_68,Downstairs,Private
8488_69,Jogging,Public
8488_70,Jogging,Private
8488_71,Upstairs,Private
8488_72,Walking,Private
8488_73,Walking,Public
8488_74,Jogging,Private
8488_75,Upstairs,Private
8488_76,Jogging,Private
8488_77,Jogging,Public
8488_78,Standing,Private
8488_79,Walking,Public
8488_80,Downstairs,Private
8488_81,Standing,Private
8488_82,Jogging,Private
8488_83,Jogging,Public
8488_84,Downstairs,Public
8488_85,Upstairs,Public
8488_86,Walking,Private
8488_87,Jogging,Private
8488_88,Upstairs,Public
8488_89,Walking,Public
8488_90,Standing,Private
8488_91,Jogging,Private
8488_92,Jogging,Public
8488_93,Downstairs,Private
8488_94,Jogging,Private
8488_95,Standing,Private
8488_96,Walking,Private
8488_97,Jogging,Private
8488_98,Walking,Public
8488_99,Downstairs,Private
8488_100,Downstairs,Private
8488_101,Sitting,Private
8488_102,Downstairs,Private
8488_103,Standing,Private
8488_104,Downstairs,Private
8488_105,Sitting,Private
8488_106,Walking,Public
8488_107,Upstairs,Private
8488_108,Walking,Private
8488_109,Downstairs,Public
8488_110,Walking,Private
8488_111,Walking,Private
8488_112,Standing,Public
8488_113,Downstairs,Public
8488_114,Standing,Private
8488_115,Downstairs,Public
8488_116,Standing,Public
8488_117,Walking,Private
8488_118,Standing,Private
8488_119,Standing,Private
8488_120,Walking,Public
8488_121,Sitting,Public
8488_122,Standing,Private
8488_123,Jogging,Private
8488_124,Jogging,Public
8488_125,Downstairs,Public
8488_126,Sitting,Public
8488_127,Sitting,Private
8488_128,Walking,Public
8488_129,Downstairs,Private
8488_130,Walking,Private
8488_131,Walking,Public
8488_132,Upstairs,Private
8488_133,Upstairs,Private
8488_134,Jogging,Private
8488_135,Sitting,Public
8488_136,Sitting,Public
8488_137,Upstairs,Public
8488_138,Downstairs,Public
8488_139,Jogging,Public
8488_140,Sitting,Private
8488_141,Sitting,Private
8488_142,Downstairs,Private
8488_143,Walking,Public
8488_144,Downstairs,Private
8488_145,Walking,Private
8488_146,Jogging,Private
8488_147,Sitting,Public
8488_148,Downstairs,Private
8488_149,Downstairs,Private
8488_150,Jogging,Public
8488_151,Upstairs,Private
8488_152,Upstairs,Private
8488_153,Standing,Private
8488_154,Sitting,Private
8488_155,Upstairs,Private
8488_156,Standing,Private
8488_157,Walking,Private
8488_158,Walking,Public
8488_159,Standing,Private
8488_160,Standing,Public
8488_161,Downstairs,Public
8488_162,Walking,Private
8488_163,Jogging,Private
8488_164,Downstairs,Public
8488_165,Standing,Private
8488_166,Upstairs,Public
8488_167,Standing,Public
8488_168,Standing,Private
8488_169,Walking,Public
8488_170,Upstairs,Public
8488_171,Jogging,Private
8488_172,Sitting,Public
8488_173,Walking,Private
8488_174,Walking,Public
8488_175,Upstairs,Public
8488_176,Sitting,Public
8488_177,Downstairs,Private
8488_178,Jogging,Public
8488_179,Walking,Public
8488_180,Jogging,Public
8488_181,Walking,Private
8488_182,Walking,Private
8488_183,Standing,Public
8488_184,Jogging,Public
8488_185,Standing,Public
8488_186,Standing,Public
8488_187,Sitting,Private
8488_188,Walking,Private
8488_189,Jogging,Public
8488_190,Downstairs,Private
8488_191,Standing,Private
8488_192,Jogging,Private
8488_193,Jogging,Private
8488_194,Standing,Public
8488_195,Walking,Public
8488_196,Standing,Private
8488_197,Walking,Public
8488_198,Upstairs,Private
8488_199,Upstairs,Private
8488_200,Jogging,Private
8488_201,Downstairs,Private
8488_202,Standing,Private
8488_203,Jogging,Public
8488_204,Downstairs,Public
8488_205,Jogging,Public
8488_206,Jogging,Public
8488_207,Downstairs,Public
8488_208,Downstairs,Public
8488_209,Jogging,Public
8488_210,Upstairs,Private
8488_211,Upstairs,Private
8488_212,Sitting,Public
8488_213,Downstairs,Public
8488_214,Sitting,Private
8488_215,Jogging,Public
8488_216,Jogging,Public
8488_217,Standing,Public
8488_218,Standing,Private
8488_219,Walking,Public
8488_220,Downstairs,Public
8488_221,Sitting,Private
8488_222,Walking,Public
8488_223,Sitting,Public
8488_224,Walking,Private
8488_225,Upstairs,Public
8488_226,Sitting,Private
8488_227,Upstairs,Public
8488_228,Walking,Public
8488_229,Walking,Private
8488_230,Standing,Private
8488_231,Jogging,Private
8488_232,Walking,Private
8488_233,Upstairs,Private
8488_234,Upstairs,Public
8488_235,Upstairs,Private
8488_236,Jogging,Private
8488_237,Jogging,Public
8488_238,Downstairs,Public
8488_239,Sitting,Public
8488_240,Walking,Private
8488_241,Walking,Public
8488_242,Standing,Public
8488_243,Upstairs,Public
8488_244,Downstairs,Public
8488_245,Jogging,Private
8488_246,Upstairs,Public
8488_247,Upstairs,Public
8488_248,Jogging,Public
8488_249,Jogging,Private
8488_250,Downstairs,Public
8488_251,Upstairs,Public
8488_252,Standing,Public
8488_253,Walking,Public
8488_254,Standing,Private
8488_255,Jogging,Public
8488_256,Sitting,Private
8488_257,Sitting,Private
8488_258,Upstairs,Public
8488_259,Downstairs,Private
8488_260,Sitting,Private
8488_261,Jogging,Private
8488_262,Downstairs,Private
8488_263,Upstairs,Private
8488_264,Standing,Public
8488_265,Jogging,Public
8488_266,Downstairs,Private
8488_267,Downstairs,Public
8488_268,Upstairs,Public
8488_269,Jogging,Public
8488_270,Standing,Private
8488_271,Downstairs,Public
8488_272,Sitting,Private
8488_273,Downstairs,Public
8488_274,Upstairs,Public
8488_275,Walking,Private
8488_276,Downstairs,Public
8488_277,Sitting,Public
8488_278,Standing,Public
8488_279,Sitting,Public
8488_280,Upstairs,Private
8488_281,Downstairs,Public
8488_282,Downstairs,Private
8488_283,Jogging,Public
8488_284,Walking,Private
8488_285,Standing,Private
8488_286,Jogging,Private
8488_287,Walking,Public
8488_288,Downstairs,Private
8488_289,Downstairs,Private
8488_290,Standing,Private
8488_291,Jogging,Public
8488_292,Downstairs,Private
8488_293,Downstairs,Private
8488_294,Standing,Public
8488_295,Standing,Private
8488_296,Sitting,Private
8488_297,Upstairs,Public
8488_298,Standing,Private
8488_299,Downstairs,Private
8488_300,Standing,Public
8488_301,Downstairs,Private
8488_302,Walking,Private
8488_303,Standing,Private
8488_304,Standing,Private
8488_305,Standing,Public
8488_306,Standing,Public
8488_307,Upstairs,Private
8488_308,Jogging,Public
8488_309,Downstairs,Private
8488_310,Upstairs,Public
8488_311,Standing,Private
8488_312,Upstairs,Public
8488_313,Upstairs,Private
8488_314,Sitting,Private
8488_315,Sitting,Public
8488_316,Downstairs,Private
8488_317,Walking,Public
8488_318,Upstairs,Private
8488_319,Upstairs,Public
8488_320,Standing,Public
8488_321,Sitting,Public
8488_322,Standing,Public
8488_323,Walking,Private
8488_324,Downstairs,Private
8488_325,Downstairs,Private
8488_326,Upstairs,Private
8488_327,Standing,Private
8488_328,Downstairs,Public
8488_329,Sitting,Private
8488_330,Standing,Public
8488_331,Sitting,Private
8488_332,Standing,Private
8488_333,Upstairs,Public
8488_334,Standing,Public
8488_335,Walking,Public
8488_336,Upstairs,Private
8488_337,Sitting,Public
8488_338,Walking,Private
8488_339,Sitting,Public
8488_340,Standing,Public
8488_341,Walking,Public
8488_342,Sitting,Private
8488_343,Sitting,Private
8488_344,Sitting,Public
8488_345,Jogging,Private
8488_346,Downstairs,Private
8488_347,Downstairs,Public
8488_348,Walking,Private
8488_349,Standing,Public
8488_350,Walking,Private
8488_351,Upstairs,Private
8488_352,Jogging,Private
8488_353,Downstairs,Public
8488_354,Jogging,Private
8488_355,Sitting,Private
8488_356,Jogging,Private
8488_357,Walking,Public
8488_358,Standing,Public
8488_359,Walking,Public
